24.00,24.00
﻿24.00,25.00
﻿24.00,25.00
﻿24.00,25.00
﻿24.00,25.00
﻿24.00,25.00
﻿24.00,25.00
﻿24.00,25.00
﻿24.00,25.00
﻿24.00,25.00
﻿24.00,25.00
﻿24.00,25.00
﻿24.00,25.00
﻿24.00,26.00
﻿24.00,27.00
﻿24.00,26.00
﻿24.00,25.00
﻿24.00,25.00
﻿24.00,25.00
﻿24.00,25.00
﻿24.00,25.00
﻿24.00,32.00
﻿24.00,31.00
﻿24.00,25.00
﻿24.00,25.00
﻿24.00,25.00
﻿24.00,25.00
﻿24.00,25.00
﻿24.00,25.00
﻿24.00,31.00
﻿24.00,25.00
﻿24.00,25.00
﻿24.00,26.00
﻿24.00,25.00
﻿24.00,26.00
﻿24.00,26.00
﻿24.00,25.00
﻿24.00,31.00
﻿24.00,25.00
﻿24.00,30.00
﻿24.00,31.00
﻿24.00,25.00
﻿24.00,25.00
﻿24.00,26.00,12:38:26
﻿24.00,24.00,12:39:11
﻿24.00,26.00,12:39:26
﻿24.00,26.00,12:39:42
﻿24.00,26.00,12:39:57
﻿24.00,25.00,12:40:13
﻿24.00,26.00,12:40:28
﻿24.00,26.00,12:40:44
﻿24.00,25.00,12:41:00
﻿24.00,25.00,12:41:16
﻿24.00,25.00,12:41:31
﻿24.00,25.00,12:41:46
﻿24.00,25.00,12:42:02
﻿24.00,25.00,12:42:17
﻿24.00,26.00,12:42:33
﻿24.00,25.00,12:42:48
﻿24.00,25.00,12:43:04
﻿24.00,25.00,12:43:19
﻿24.00,26.00,12:43:35
﻿24.00,25.00,12:43:50
﻿24.00,30.00,12:44:06
﻿24.00,30.00,12:44:21
﻿24.00,25.00,12:44:37
﻿24.00,25.00,12:44:52
﻿24.00,26.00,12:45:07
﻿24.00,25.00,12:45:23
﻿24.00,25.00,12:45:39
﻿23.00,19.00,12:45:54
﻿24.00,25.00,12:46:10
﻿24.00,32.00,12:46:27
﻿24.00,30.00,12:46:43
﻿24.00,25.00,12:46:58
﻿24.00,25.00,12:47:15
﻿24.00,25.00,12:47:30
﻿24.00,25.00,12:47:46
﻿24.00,31.00,12:48:02
﻿24.00,25.00,12:48:17
﻿24.00,25.00,12:48:32
﻿24.00,25.00,12:48:48
﻿24.00,25.00,12:49:03
﻿24.00,25.00,12:49:19
﻿24.00,25.00,12:49:35
﻿24.00,25.00,12:49:50
﻿24.00,25.00,12:50:06
﻿24.00,25.00,12:50:21
﻿24.00,25.00,12:50:37
﻿24.00,25.00,12:50:52
﻿24.00,25.00,12:51:08
﻿24.00,25.00,12:51:23
﻿24.00,25.00,12:51:39
﻿24.00,25.00,12:51:54
﻿24.00,26.00,12:52:10
﻿24.00,24.00,12:52:25
﻿24.00,30.00,12:52:41
﻿24.00,25.00,12:52:57
﻿24.00,24.00,12:53:12
﻿24.00,24.00,12:53:28
﻿24.00,24.00,12:53:43
﻿24.00,30.00,12:53:58
﻿24.00,24.00,12:54:14
﻿24.00,24.00,12:54:30
﻿24.00,24.00,12:54:45
﻿24.00,24.00,12:55:01
﻿24.00,24.00,12:55:16
﻿24.00,24.00,12:55:32
﻿24.00,24.00,12:55:48
﻿24.00,29.00,12:56:03
﻿24.00,24.00,12:56:19
﻿24.00,24.00,12:56:34
﻿24.00,24.00,12:56:50
﻿24.00,31.00,12:57:05
﻿24.00,24.00,12:57:21
﻿24.00,30.00,12:57:36
﻿22.00,20.00,12:57:52
﻿24.00,24.00,12:58:07
﻿24.00,24.00,12:58:23
﻿24.00,25.00,12:58:38
﻿24.00,25.00,12:58:53
﻿24.00,31.00,12:59:09
﻿24.00,24.00,12:59:24
﻿24.00,30.00,12:59:40
﻿24.00,24.00,12:59:55
﻿24.00,25.00,13:00:11
﻿24.00,24.00,13:00:26
﻿24.00,25.00,13:00:42
﻿24.00,24.00,13:00:57
﻿24.00,31.00,13:01:13
﻿24.00,25.00,13:01:28
﻿24.00,25.00,13:01:44
﻿24.00,25.00,13:01:59
﻿24.00,25.00,13:02:15
﻿24.00,27.00,13:02:30
﻿24.00,25.00,13:02:46
﻿24.00,25.00,13:03:01
﻿24.00,25.00,13:03:17
﻿24.00,25.00,13:03:32
﻿24.00,25.00,13:03:48
﻿24.00,25.00,13:04:03
﻿24.00,25.00,13:04:19
﻿24.00,25.00,13:04:35
﻿24.00,25.00,13:04:51
﻿24.00,31.00,13:05:06
﻿24.00,25.00,13:05:22
﻿24.00,25.00,13:05:37
﻿24.00,30.00,13:05:53
﻿24.00,25.00,13:06:08
﻿24.00,25.00,13:06:24
﻿24.00,25.00,13:06:39
﻿24.00,25.00,13:06:55
﻿24.00,25.00,13:07:10
﻿24.00,25.00,13:07:25
﻿24.00,25.00,13:07:41
﻿24.00,25.00,13:07:56
﻿24.00,25.00,13:08:12
﻿24.00,26.00,13:08:27
﻿24.00,25.00,13:08:43
﻿24.00,25.00,13:08:58
﻿24.00,25.00,13:09:14
﻿24.00,25.00,13:09:29
﻿24.00,25.00,13:09:45
﻿24.00,25.00,13:10:00
﻿24.00,25.00,13:10:16
﻿24.00,25.00,13:10:32
﻿24.00,25.00,13:10:47
﻿24.00,25.00,13:11:03
﻿24.00,25.00,13:11:18
﻿24.00,25.00,13:11:34
﻿24.00,25.00,13:11:49
﻿24.00,25.00,13:12:05
﻿24.00,25.00,13:12:21
﻿24.00,25.00,13:12:37
﻿24.00,25.00,13:12:53
﻿24.00,25.00,13:13:09
﻿24.00,25.00,13:13:24
﻿24.00,25.00,13:13:40
﻿24.00,25.00,13:13:55
﻿24.00,30.00,13:14:11
﻿24.00,25.00,13:14:26
﻿24.00,25.00,13:14:42
﻿24.00,30.00,13:15:00
﻿24.00,25.00,13:15:15
﻿24.00,25.00,13:15:30
﻿24.00,25.00,13:15:46
﻿24.00,25.00,13:16:02
﻿24.00,25.00,13:16:17
﻿24.00,30.00,13:16:33
﻿24.00,25.00,13:16:49
﻿24.00,25.00,13:17:04
﻿24.00,30.00,13:17:20
﻿24.00,25.00,13:17:35
﻿24.00,25.00,13:17:51
﻿24.00,25.00,13:18:06
﻿24.00,25.00,13:18:22
﻿24.00,25.00,13:18:37
﻿24.00,25.00,13:18:53
﻿24.00,25.00,13:19:08
﻿24.00,25.00,13:19:24
﻿24.00,25.00,13:19:39
﻿24.00,31.00,13:19:55
﻿24.00,31.00,13:20:10
﻿24.00,25.00,13:20:26
﻿24.00,25.00,13:20:41
﻿24.00,30.00,13:20:57
﻿24.00,31.00,13:21:12
﻿24.00,25.00,13:21:28
﻿24.00,25.00,13:21:43
﻿24.00,25.00,13:21:59
﻿24.00,25.00,13:22:15
﻿24.00,30.00,13:22:30
﻿24.00,25.00,13:22:45
﻿24.00,25.00,13:23:01
﻿24.00,25.00,13:23:17
﻿24.00,25.00,13:23:32
﻿24.00,25.00,13:23:48
﻿24.00,25.00,13:24:03
﻿24.00,25.00,13:24:19
﻿24.00,25.00,13:24:34
﻿24.00,25.00,13:24:50
﻿24.00,25.00,13:25:05
﻿24.00,25.00,13:25:21
﻿24.00,25.00,13:25:36
﻿24.00,25.00,13:25:52
﻿24.00,25.00,13:26:07
﻿24.00,25.00,13:26:23
﻿24.00,25.00,13:26:38
﻿24.00,25.00,13:26:54
﻿24.00,25.00,13:27:09
﻿24.00,25.00,13:27:25
﻿24.00,25.00,13:27:40
﻿24.00,25.00,13:27:57
﻿24.00,25.00,13:28:12
﻿24.00,25.00,13:28:28
﻿24.00,25.00,13:28:44
﻿24.00,25.00,13:28:59
﻿24.00,25.00,13:29:15
﻿24.00,25.00,13:29:30
﻿24.00,25.00,13:29:46
﻿24.00,25.00,13:30:01
﻿24.00,25.00,13:30:17
﻿24.00,25.00,13:30:33
﻿24.00,25.00,13:30:48
﻿24.00,31.00,13:31:04
﻿24.00,25.00,13:31:19
﻿24.00,25.00,13:31:35
﻿24.00,30.00,13:31:50
﻿24.00,25.00,13:32:06
﻿24.00,30.00,13:32:22
﻿24.00,25.00,13:32:37
﻿24.00,25.00,13:32:53
﻿24.00,25.00,13:33:08
﻿24.00,25.00,13:33:24
﻿24.00,25.00,13:33:39
﻿24.00,25.00,13:33:55
﻿24.00,25.00,13:34:10
﻿25.00,24.00,13:34:26
﻿24.00,25.00,13:34:42
﻿24.00,25.00,13:34:57
﻿24.00,25.00,13:35:13
﻿24.00,25.00,13:35:28
﻿24.00,25.00,13:35:44
﻿24.00,25.00,13:35:59
﻿24.00,25.00,13:36:15
﻿24.00,25.00,13:36:30
﻿24.00,25.00,13:36:46
﻿24.00,25.00,13:37:01
﻿25.00,24.00,13:37:17
﻿25.00,24.00,13:37:32
﻿25.00,24.00,13:37:48
﻿25.00,24.00,13:38:03
﻿25.00,24.00,13:38:19
﻿25.00,24.00,13:38:34
﻿25.00,24.00,13:38:50
﻿25.00,24.00,13:39:07
﻿25.00,24.00,13:39:23
﻿25.00,24.00,13:39:38
﻿25.00,24.00,13:39:54
﻿25.00,24.00,13:40:10
﻿25.00,24.00,13:40:25
﻿25.00,24.00,13:40:41
﻿25.00,24.00,13:40:56
﻿25.00,24.00,13:41:12
﻿24.00,25.00,13:41:27
﻿24.00,25.00,13:41:43
﻿24.00,25.00,13:41:58
﻿24.00,25.00,13:42:14
﻿24.00,19.00,13:42:29
﻿24.00,25.00,13:42:45
﻿24.00,25.00,13:43:00
﻿24.00,30.00,13:43:16
﻿24.00,25.00,13:43:32
﻿24.00,25.00,13:43:48
﻿24.00,30.00,13:44:03
﻿24.00,25.00,13:44:19
﻿24.00,25.00,13:44:34
﻿24.00,25.00,13:44:50
﻿24.00,25.00,13:45:06
﻿24.00,26.00,13:45:22
﻿24.00,25.00,13:45:37
﻿24.00,25.00,13:45:53
﻿24.00,25.00,13:46:08
﻿24.00,25.00,13:46:24
﻿24.00,25.00,13:46:40
﻿24.00,25.00,13:46:55
﻿25.00,25.00,13:47:11
﻿25.00,29.00,13:47:27
﻿25.00,24.00,13:47:42
﻿25.00,24.00,13:47:58
﻿25.00,24.00,13:48:13
﻿25.00,24.00,13:48:29
﻿25.00,24.00,13:48:44
﻿25.00,24.00,13:49:00
﻿24.00,25.00,13:49:15
﻿24.00,25.00,13:49:31
﻿24.00,25.00,13:49:47
﻿24.00,25.00,13:50:02
﻿24.00,25.00,13:50:18
﻿24.00,25.00,13:50:33
﻿24.00,25.00,13:50:50
﻿25.00,24.00,13:51:05
﻿25.00,24.00,13:51:22
﻿24.00,25.00,13:51:37
﻿24.00,25.00,13:51:53
﻿25.00,24.00,13:52:08
﻿25.00,24.00,13:52:24
﻿24.00,25.00,13:52:39
﻿24.00,25.00,13:52:55
﻿24.00,25.00,13:53:10
﻿24.00,25.00,13:53:26
﻿24.00,25.00,13:53:41
﻿24.00,27.00,13:53:57
﻿24.00,25.00,13:54:12
﻿24.00,25.00,13:54:28
﻿25.00,24.00,13:54:44
﻿25.00,29.00,13:54:59
﻿25.00,24.00,13:55:15
﻿25.00,24.00,13:55:30
﻿24.00,25.00,13:55:46
﻿24.00,25.00,13:56:01
﻿24.00,25.00,13:56:17
﻿25.00,24.00,13:56:32
﻿25.00,24.00,13:56:48
﻿25.00,24.00,13:57:04
﻿25.00,24.00,13:57:19
﻿25.00,24.00,13:57:35
﻿25.00,24.00,13:57:50
﻿25.00,24.00,13:58:06
﻿25.00,24.00,13:58:21
﻿25.00,24.00,13:58:37
﻿25.00,24.00,13:58:52
﻿25.00,24.00,13:59:08
﻿25.00,24.00,13:59:24
﻿25.00,24.00,13:59:39
﻿25.00,24.00,13:59:55
﻿25.00,29.00,14:00:10
﻿25.00,29.00,14:00:26
﻿25.00,24.00,14:00:41
